run_id,run_name,pipeline_run_id,data_sha256,git_sha,git_dirty,seed,model,feature_set,imbalance,threshold_strategy,threshold,eligible,model__C,model__colsample_bytree,model__learning_rate,model__max_depth,model__max_features,model__max_iter,model__min_child_samples,model__min_child_weight,model__min_samples_leaf,model__n_estimators,model__num_leaves,model__subsample,model__subsample_freq,cv_pr_auc_mean,cv_roc_auc_mean,cv_roc_auc_std,inference_ms_per_1k_rows,test_accuracy,test_brier,test_business_cost,test_business_cost_per_customer,test_contact_rate,test_f1,test_gender_recall_gap,test_gender_recall_gap_lcb,test_lift_at_top_k,test_net_savings_per_1k,test_pr_auc,test_precision,test_precision_at_top_k,test_recall,test_recall_at_top_k,test_roc_auc,test_senior_recall_gap,test_senior_recall_gap_lcb,train_seconds,val_accuracy,val_brier,val_business_cost,val_business_cost_per_customer,val_contact_rate,val_f1,val_gender_recall_gap,val_gender_recall_gap_lcb,val_lift_at_top_k,val_net_savings_per_1k,val_pr_auc,val_precision,val_precision_at_top_k,val_recall,val_recall_at_top_k,val_roc_auc,val_senior_recall_gap,val_senior_recall_gap_lcb
52a1b59b49c04960a7a6797df67ce7ed,lr_eng_costthr,manual__2026-10-04T00:00:00+00:00,16320c9c1ec72448db59aa0a26a0b95401046bef5d02fd3aeb906448e3055e91,3523e9ba7f4608903e975de00e7399e0a1a25799,true,42,logistic_regression,engineered,none,cost_optimal,0.51,true,0.5,,,,,2000,,,,,,,,0.6702,0.8505,0.013,10.1967,0.802,0.1358,166536.8575,118.1951,0.198,0.5727,0.0161,0.0,2.5116,5569.9947,0.6559,0.6703,0.6667,0.5,0.5027,0.8458,0.1244,0.029,0.0449,0.8084,0.1374,166020.5875,117.8287,0.1973,0.5859,0.1238,0.0394,2.5784,5936.4035,0.6499,0.6871,0.6844,0.5107,0.516,0.8381,0.2238,0.1312
38f0e6eb50e2482c8e82170fc3863334,lr_eng_gender_costthr,manual__2026-10-04T00:00:00+00:00,16320c9c1ec72448db59aa0a26a0b95401046bef5d02fd3aeb906448e3055e91,3523e9ba7f4608903e975de00e7399e0a1a25799,true,42,logistic_regression,engineered_gender,none,cost_optimal,0.52,false,0.5,,,,,2000,,,,,,,,0.6696,0.8502,0.013,10.0306,0.8027,0.1358,166519.9925,118.1831,0.1945,0.571,0.005,0.0,2.5249,5581.9642,0.6555,0.6752,0.6702,0.4947,0.5053,0.8459,0.1317,0.0363,0.0468,0.8091,0.1375,166036.8575,117.8402,0.1909,0.5816,0.1445,0.0603,2.565,5924.8563,0.6494,0.6952,0.6809,0.5,0.5134,0.8378,0.2242,0.1311
dade8c68931844968f6346fd508ba272,lr_baseline,manual__2026-10-04T00:00:00+00:00,16320c9c1ec72448db59aa0a26a0b95401046bef5d02fd3aeb906448e3055e91,3523e9ba7f4608903e975de00e7399e0a1a25799,true,42,logistic_regression,base,none,fixed,0.5,true,1.0,,,,,2000,,,,,,,,0.6675,0.8485,0.0107,6.0106,0.8034,0.1378,166055.805,117.8537,0.2292,0.6026,0.0682,0.0,2.5116,5911.4088,0.6342,0.6502,0.6667,0.5615,0.5027,0.8427,0.1379,0.0451,0.0308,0.8048,0.138,166104.9125,117.8885,0.215,0.5938,0.1148,0.0306,2.5517,5876.5561,0.6434,0.6634,0.6773,0.5374,0.5107,0.8365,0.2019,0.1098
93c7e9beca6a4cba8bb70e990369e982,rf_tuned_eng_costthr,manual__2026-10-04T00:00:00+00:00,16320c9c1ec72448db59aa0a26a0b95401046bef5d02fd3aeb906448e3055e91,3523e9ba7f4608903e975de00e7399e0a1a25799,true,42,random_forest,engineered,none,cost_optimal,0.5,true,,,,8,sqrt,,,,5,300,,,,0.6678,0.8474,0.0119,35.3548,0.7921,0.1366,167286.56,118.7272,0.2037,0.5567,0.0209,0.0,2.4448,5037.9134,0.6551,0.6411,0.6489,0.492,0.4893,0.8418,0.0247,0.0,0.3447,0.8006,0.1371,166636.8575,118.266,0.1994,0.571,0.1552,0.0712,2.5116,5499.0224,0.648,0.6655,0.6667,0.5,0.5027,0.8391,0.2102,0.1166
3cdf9f8bc495446b88b89f1b1b3d6729,rf_tuned_eng_gender_costthr,manual__2026-10-04T00:00:00+00:00,16320c9c1ec72448db59aa0a26a0b95401046bef5d02fd3aeb906448e3055e91,3523e9ba7f4608903e975de00e7399e0a1a25799,true,42,random_forest,engineered_gender,none,cost_optimal,0.5,false,,,,8,sqrt,,,,5,300,,,,0.6676,0.847,0.0119,40.2849,0.7956,0.1367,167003.425,118.5262,0.203,0.5636,0.0427,0.0,2.4715,5238.8609,0.6534,0.6503,0.656,0.4973,0.4947,0.8419,0.0589,0.0,0.3254,0.7991,0.138,166803.1275,118.3841,0.1952,0.5639,0.0903,0.0056,2.4849,5381.0167,0.6444,0.6655,0.6596,0.4893,0.4973,0.8368,0.1826,0.0876
2f9e1acf918942c6b5b6683aa9aaff8b,lgbm_smote_eng,manual__2026-10-04T00:00:00+00:00,16320c9c1ec72448db59aa0a26a0b95401046bef5d02fd3aeb906448e3055e91,3523e9ba7f4608903e975de00e7399e0a1a25799,true,42,lightgbm,engineered,smote,fixed,0.5,true,,0.8,0.03,,,,30,,,400,15,0.8,1,0.6543,0.8381,0.0121,15.7276,0.7942,0.1408,166424.1575,118.1151,0.2626,0.6102,0.0015,0.0,2.4581,5649.9805,0.6536,0.6135,0.6525,0.607,0.492,0.839,0.1316,0.0413,0.7298,0.7878,0.1445,167072.9675,118.5756,0.252,0.5898,0.0958,0.0121,2.4047,5189.505,0.6285,0.6056,0.6383,0.5749,0.4813,0.8307,0.2076,0.1182
842bff9687d1460ba6162bdb380625e4,xgb_tuned_eng_costthr,manual__2026-10-04T00:00:00+00:00,16320c9c1ec72448db59aa0a26a0b95401046bef5d02fd3aeb906448e3055e91,3523e9ba7f4608903e975de00e7399e0a1a25799,true,42,xgboost,engineered,none,cost_optimal,0.51,true,,0.8,0.05,3,,,,5,,400,,0.8,,0.6601,0.8413,0.0099,10.0222,0.8006,0.137,166653.425,118.2778,0.198,0.5697,0.0216,0.0,2.5249,5487.264,0.6472,0.6667,0.6702,0.4973,0.5053,0.8416,0.1004,0.0045,0.2267,0.7949,0.1406,167152.83,118.6322,0.1952,0.5547,0.1166,0.0321,2.4581,5132.8247,0.6372,0.6545,0.6525,0.4813,0.492,0.8327,0.2634,0.1711
261e692e65c6409eb6611f84615ed8ce,lgbm_eng_costthr,manual__2026-10-04T00:00:00+00:00,16320c9c1ec72448db59aa0a26a0b95401046bef5d02fd3aeb906448e3055e91,3523e9ba7f4608903e975de00e7399e0a1a25799,true,42,lightgbm,engineered,none,cost_optimal,0.5,true,,0.8,0.03,,,,30,,,400,15,0.8,1,0.6506,0.8377,0.0105,14.192,0.7956,0.1383,166904.02,118.4557,0.2115,0.5714,0.0009,0.0,2.5116,5309.4109,0.645,0.6443,0.6667,0.5134,0.5027,0.8383,0.1478,0.0533,0.5048,0.7935,0.1414,167236.2625,118.6915,0.198,0.5544,0.1007,0.016,2.4181,5073.6107,0.6372,0.6487,0.6418,0.484,0.484,0.8321,0.2598,0.1675
a455b79c9f334f41a250d6e8c3a4f65a,rf_default,manual__2026-10-04T00:00:00+00:00,16320c9c1ec72448db59aa0a26a0b95401046bef5d02fd3aeb906448e3055e91,3523e9ba7f4608903e975de00e7399e0a1a25799,true,42,random_forest,base,none,fixed,0.5,true,,,,,,,,,,300,,,,0.6215,0.8229,0.0133,34.1112,0.7835,0.1477,167853.425,119.1295,0.215,0.5495,0.0319,0.0,2.3513,4635.5962,0.6151,0.6139,0.6241,0.4973,0.4706,0.8198,0.1834,0.0893,0.3066,0.785,0.1489,167803.1275,119.0938,0.2094,0.5471,0.0475,0.0,2.3646,4671.2935,0.6047,0.6203,0.6277,0.4893,0.4733,0.8126,0.2246,0.1311
fbbc678d4f6946319938e8da26cd7a9e,xgb_default_eng,manual__2026-10-04T00:00:00+00:00,16320c9c1ec72448db59aa0a26a0b95401046bef5d02fd3aeb906448e3055e91,3523e9ba7f4608903e975de00e7399e0a1a25799,true,42,xgboost,engineered,none,fixed,0.5,true,,,0.1,6,,,,,,300,,,,0.625,0.8234,0.0114,11.395,0.7835,0.1486,167936.2625,119.1883,0.2079,0.5427,0.015,0.0,2.3646,4576.8045,0.6194,0.6177,0.6277,0.484,0.4733,0.8212,0.1185,0.0227,0.2968,0.7828,0.1543,167986.2625,119.2237,0.2087,0.5419,0.1221,0.0376,2.3646,4541.3183,0.6057,0.6156,0.6277,0.484,0.4733,0.81,0.2038,0.1093
28eecadfbc124d6e9919ba5f5c298764,rf_tuned_balanced_eng,manual__2026-10-04T00:00:00+00:00,16320c9c1ec72448db59aa0a26a0b95401046bef5d02fd3aeb906448e3055e91,3523e9ba7f4608903e975de00e7399e0a1a25799,true,42,random_forest,engineered,class_weight,fixed,0.5,true,,,,8,sqrt,,,,5,300,,,,0.6654,0.8467,0.0118,37.4152,0.7601,0.1574,167730.7025,119.0424,0.3903,0.6342,0.0343,0.0,2.4849,4722.6952,0.6559,0.5327,0.6596,0.7834,0.4973,0.8421,0.1552,0.0888,0.4241,0.7573,0.158,167996.9725,119.2314,0.3875,0.6283,0.0657,0.0,2.5116,4533.7172,0.6459,0.5293,0.6667,0.7727,0.5027,0.8394,0.1516,0.0826
e66bced057364288bd0acc5c67cb6e87,lgbm_balanced_eng,manual__2026-10-04T00:00:00+00:00,16320c9c1ec72448db59aa0a26a0b95401046bef5d02fd3aeb906448e3055e91,3523e9ba7f4608903e975de00e7399e0a1a25799,true,42,lightgbm,engineered,class_weight,fixed,0.5,true,,0.8,0.03,,,,30,,,400,15,0.8,1,0.6576,0.8392,0.0099,14.5279,0.7559,0.1577,168212.945,119.3846,0.379,0.6211,0.0913,0.0187,2.4448,4380.4365,0.6496,0.5281,0.6489,0.754,0.4893,0.8389,0.1536,0.0816,0.4844,0.7516,0.1612,168546.08,119.6211,0.3804,0.6154,0.0588,0.0,2.4715,4144.0028,0.636,0.5224,0.656,0.7487,0.4947,0.8331,0.17,0.0985
7ce18489a0fa4a7ab7094b8ef4e68dc8,lr_balanced_eng,manual__2026-10-04T00:00:00+00:00,16320c9c1ec72448db59aa0a26a0b95401046bef5d02fd3aeb906448e3055e91,3523e9ba7f4608903e975de00e7399e0a1a25799,true,42,logistic_regression,engineered,class_weight,fixed,0.5,true,0.5,,,,,2000,,,,,,,,0.6682,0.8506,0.014,9.5443,0.7417,0.1648,168981.0,119.9297,0.4131,0.6192,0.0401,0.0,2.5517,3835.33,0.6568,0.5086,0.6773,0.7914,0.5107,0.8462,0.1858,0.125,0.0423,0.7466,0.1661,168713.8375,119.7401,0.401,0.6198,0.0767,0.0066,2.5383,4024.9414,0.6493,0.515,0.6738,0.7781,0.508,0.8385,0.1444,0.0757
8a2972a1c740471ab1ffe51e97bea586,lr_balanced,manual__2026-10-04T00:00:00+00:00,16320c9c1ec72448db59aa0a26a0b95401046bef5d02fd3aeb906448e3055e91,3523e9ba7f4608903e975de00e7399e0a1a25799,true,42,logistic_regression,base,class_weight,fixed,0.5,true,1.0,,,,,2000,,,,,,,,0.6658,0.8482,0.0118,5.8889,0.7402,0.1678,169130.7025,120.036,0.4102,0.6155,0.0021,0.0,2.5116,3729.0827,0.6338,0.5069,0.6667,0.7834,0.5027,0.8424,0.1967,0.1354,0.0331,0.7445,0.1678,168797.5675,119.7996,0.4088,0.6211,0.0988,0.0303,2.5784,3965.5163,0.6426,0.5122,0.6844,0.7888,0.516,0.8366,0.13,0.0618
866b1fe876c94248b6b16fe1afc1e775,lr_smote_eng,manual__2026-10-04T00:00:00+00:00,16320c9c1ec72448db59aa0a26a0b95401046bef5d02fd3aeb906448e3055e91,3523e9ba7f4608903e975de00e7399e0a1a25799,true,42,logistic_regression,engineered,smote,fixed,0.5,true,0.5,,,,,2000,,,,,,,,0.6688,0.8502,0.0148,10.3298,0.7417,0.1625,169080.405,120.0003,0.4045,0.6144,0.0498,0.0,2.5249,3764.78,0.654,0.5088,0.6702,0.7754,0.5053,0.8451,0.1661,0.0993,0.0659,0.7466,0.1627,168829.81,119.8224,0.3911,0.6141,0.0702,0.0,2.5383,3942.6331,0.6433,0.5154,0.6738,0.7594,0.508,0.8381,0.1416,0.0691
b0399dbb5982470b88caf4543cb7d23d,xgb_tuned_spw_eng,manual__2026-10-04T00:00:00+00:00,16320c9c1ec72448db59aa0a26a0b95401046bef5d02fd3aeb906448e3055e91,3523e9ba7f4608903e975de00e7399e0a1a25799,true,42,xgboost,engineered,class_weight,fixed,0.5,true,,0.8,0.05,3,,,,5,,400,,0.8,,0.6612,0.8408,0.0108,10.1062,0.7523,0.1596,168247.5675,119.4092,0.401,0.6283,0.056,0.0,2.5383,4355.8641,0.658,0.5221,0.6738,0.7888,0.508,0.842,0.1618,0.0973,0.2313,0.7402,0.1642,169246.675,120.1183,0.4003,0.6098,0.0491,0.0,2.4982,3646.7743,0.6356,0.5071,0.6631,0.7647,0.5,0.835,0.1624,0.093
