reading_id,humidity,status
R-001,45.2,OK
R-002,52.8,OK
R-003,71.5,WET
R-004,38.9,OK
R-005,66.1,OK
R-006,80.3,WET
R-007,49.7,OK
R-008,55.0,OK
R-009,73.4,WET
R-010,41.6,OK
R-011,60.2,OK
R-012,77.8,WET
R-013,35.5,OK
R-014,58.3,OK
R-015,69.9,OK
R-016,84.1,WET
R-017,47.0,??
R-018,51.2,OK
R-019,75.6,WET
R-020,43.3,OK
R-021,62.7,OK
R-022,79.0,WET
R-023,39.8,OK
R-024,56.4,OK
R-025,72.2,WET
R-026,44.1,OK
R-027,63.5,OK
R-028,81.9,WET
R-029,50.5,OK
R-030,57.7,OK
R-031,70.8,WET
R-032,42.4,OK
R-033,64.6,OK
R-034,78.2,WET
R-035,36.7,OK
R-036,53.9,OK
R-037,74.0,WET
R-038,46.8,OK
R-039,61.3,OK
R-040,82.5,WET
